algo,ln,seed,perf,bias
ddpg,False,15,188.9253776550293,33.09357704518856
ddpg,False,16,140.79031524658203,24.85317130739028
ddpg,False,17,86.20757455825806,36.36802106889992
ddpg,False,18,195.20188217163087,25.85560444925984
ddpg,False,19,164.81776161193847,28.35633244746898
ddpg,False,20,154.45027694702148,24.180057203301
ddpg,False,21,140.98191871643067,28.22757343257122
ddpg,False,22,138.42740306854247,31.12576425637499
ddpg,False,23,219.86794738769532,30.797167644992545
ddpg,False,24,157.8197250366211,23.5324151256699
ddpg,False,25,200.70997467041016,29.42137878596783
ddpg,False,26,178.08795776367188,32.750585094945365
ddpg,False,27,168.19242744445802,26.165871003995495
ddpg,False,28,238.7068313598633,31.67439311472226
ddpg,False,29,196.9931381225586,25.66572200392253
ddpg,False,30,222.13050842285156,36.42133164259233
ddpg,False,31,208.98425521850587,32.47438308065941
ddpg,False,32,142.49813270568848,26.220262846773004
ddpg,False,33,202.7724494934082,32.41062546728449
ddpg,False,34,111.90187358856201,21.11493618220914
ddpg,True,15,222.87763061523438,17.268148975248888
ddpg,True,16,230.88182678222657,24.06626165387281
ddpg,True,17,191.52478569149972,20.580156846218625
ddpg,True,18,146.87057609558104,26.821794242502587
ddpg,True,19,211.89191665649415,21.50608308399986
ddpg,True,20,112.26670532226562,29.75567479404566
ddpg,True,21,178.27228288650514,23.407575109562664
ddpg,True,22,192.04553260803223,24.8178536911402
ddpg,True,23,162.45556082725525,32.41926172168318
ddpg,True,24,177.0516502380371,22.056805838242102
ddpg,True,25,181.73767852783203,29.261665942238896
ddpg,True,26,200.30519943237306,19.11006265285674
ddpg,True,27,159.72197189331055,33.73876508544117
ddpg,True,28,200.90182037353514,22.495958071777387
ddpg,True,29,178.98218841552733,21.061099102688583
ddpg,True,30,124.66045188903809,20.745672435562856
ddpg,True,31,126.80962142944335,25.78485190867804
ddpg,True,32,180.7455032348633,21.436764025103137
ddpg,True,33,202.95958824157714,22.879081630895502
ddpg,True,34,185.87526321411133,23.503151200952416
td3,False,15,99.27138023376465,-6.734782831600525
td3,False,16,74.53396949768066,-0.01537109622163646
td3,False,17,-39.41616888046265,6.335743816560847
td3,False,18,82.2639925956726,-3.7880477297966295
td3,False,19,53.860054683685306,-0.3137525870860094
td3,False,20,97.56081357002259,-1.1976054101662938
td3,False,21,90.4636080980301,-1.4736485099740337
td3,False,22,-26.84547939300537,-1.5784827013606004
td3,False,23,82.13944571018219,-1.875908950361738
td3,False,24,166.42096176147462,-1.547426977414883
td3,False,25,133.53668212890625,0.5373507284119209
td3,False,26,-45.10605945587158,-0.9076098445194287
td3,False,27,-30.240148735046386,-0.12619090612594963
td3,False,28,24.686460971832275,-0.5654680345941498
td3,False,29,61.101191067695616,2.5172984402941423
td3,False,30,-45.16473026275635,2.2400629546374025
td3,False,31,-3.805441665649414,-3.1347784635818914
td3,False,32,78.9531125664711,-3.486118850793252
td3,False,33,7.433804702758789,-0.9319493041787752
td3,False,34,17.398084673285485,-1.112835917926754
td3,True,15,115.19906080961228,-3.675216909767077
td3,True,16,48.073864710330966,-3.14306348933804
td3,True,17,184.79028701782227,-5.88792959481706
td3,True,18,-8.426459503173827,-4.478388792519443
td3,True,19,166.2609479904175,-4.06406091643292
td3,True,20,21.917104136943816,-3.961061992568911
td3,True,21,37.94113674163818,-3.677890591055535
td3,True,22,-51.04151039123535,-4.474342371431533
td3,True,23,-40.06000699996948,-2.854066917595757
td3,True,24,-10.030887556076049,-1.820903261606244
td3,True,25,115.86735496520996,-3.9600043961493827
td3,True,26,155.37337112426758,-4.8834130139434855
td3,True,27,82.14712243080139,-1.592947785627497
td3,True,28,32.02230763435364,-4.626652021925792
td3,True,29,133.95325050354003,-4.694406753628136
td3,True,30,102.06495628356933,-1.9635317665362735
td3,True,31,-37.53653190135956,-3.8032976253687205
td3,True,32,72.03891341686248,-2.8420568342546617
td3,True,33,-24.02710132598877,-2.925936582852739
td3,True,34,220.00315704345704,-2.908390944307684
